"id","lastName","firstName","gender","school","pv","lj","hj","sp","wt","tj","hept","pent"
"1","Alabdullah","Fahad","1","ALB",,,,,,,,
"2","Allen","Spencer","1","ALB","5.00m",,,,,,,
"3","Boakye","Priscilla","0","ALB",,,,,"15.52m",,,
"4","Boczkowski","Dane","1","ALB",,,,,,,,
"5","Bodah","Mosetta","0","ALB",,,,,,,,
"6","Cebuliak","Will","1","ALB",,,,,,,,
"7","Cole","Autumn","0","ALB",,"5.77m",,,,"12.23m",,
"8","Cook","Grace","0","ALB",,,,,,,,
"9","Cook","Nicholas","1","ALB",,,,,,,,
"10","Cooper","Olivia","0","ALB",,,,,,,,
"11","Enstrom","Brittany","0","ALB",,,,,,,,
"12","Essapa","Evan","1","ALB",,,,,,,,
"13","Eze","Wesley","1","ALB",,,,"15.42m",,,,
"14","Gross","Alexander","1","ALB",,,,,,,,
"15","Harrison","Holly","0","ALB",,,"1.70m",,,,,"3637"
"16","Hitchings","Hailey","0","ALB",,,,,,,,
"17","James","Ethne","0","ALB",,,,,,,,
"18","Jan-King","Tegra","1","ALB",,,"2.07m",,,"14.86m",,
"19","Kluyts","Catharina","0","ALB",,,,,,,,
"20","Leonard","Sierra","0","ALB","3.69m",,,,,,,
"21","Li","Josh","1","ALB",,,,,,,,
"22","Lovsin","Julia","0","ALB",,,,,,,,
"23","MacLean","Ron","1","ALB",,,,,,,,
"24","Nurse","Keon","1","ALB",,,"2.00m",,,,,
"25","Parker","Derek","1","ALB",,,,,,,,
"26","Pougnet","Leif","1","ALB",,,,,,,,
"27","Rai","Simi","0","ALB",,,,,,,,
"28","Rose","Justin","1","ALB",,,,,,,,
"29","Sawatzky","Jake","1","ALB",,,,,,,,
"30","Sharpe","Tyler","1","ALB",,,,,,,,
"31","Stilman","Regev","1","ALB",,,,,,,,
"32","Swartz","Kaitlin","0","ALB",,,,,,,,
"33","Ushko","Jason","1","ALB",,,,,,,,
"34","Wafer","Matthew","1","ALB",,,,,,,,
"35","Wiatr","James","1","ALB",,,,"14.57m",,,,
"36","Good","Emily","0","BRO",,,,"13.23m",,,,
"37","Huston","Madelyn","0","BRO",,,,,,,,
"38","Ivanov","Michael","1","BRO","4.71m",,"2.05m",,,,,
"39","Kugler","Grace","0","BRO",,,,,,,,
"40","Spencer","Colton","1","BRO",,,,,,,,
"41","Abodunwa","Paul","1","UOFC",,,,,,,,
"42","Alwazan","Huseen","1","UOFC",,,,,,,,
"43","Badau","Raluca","0","UOFC",,,,,,,,
"44","Chartier","Leadan","0","UOFC","3.79m",,,,,,,
"45","Fox","Kristen","0","UOFC",,,,,,,,
"46","Gatzke","Natasha","0","UOFC",,,,,,,,
"47","Gouttin","Victor","1","UOFC",,,,,,,,
"48","Johnson","Alexis","0","UOFC",,,,"12.95m","16.15m",,,
"49","Judge","Chetaan","1","UOFC",,,,,,,,
"50","Kailey","Harman","1","UOFC",,,,,,,,
"51","MacDonald","Sienna","0","UOFC",,"6.01m",,,,,,"3659"
"52","Okhiria","Stephanie","0","UOFC",,,,,,"11.70m",,
"53","Oland","Georgia","0","UOFC",,,,,,,,
"54","Parnetta","Emma","0","UOFC",,,,,,,,
"55","Richardson-Wilson","Dawn","0","UOFC",,,,,,,,
"56","Sanoy","River","1","UOFC",,,,,,,,
"57","Spierenburg","Kai","1","UOFC",,,,,,,,
"58","Wassmer","Marine","0","UOFC",,,,,,,,
"59","Zuchotzki","Devon","1","UOFC",,,,,,,,
"60","Nuraddeen","Adam","1","CAR",,,,,,"13.61m",,
"61","Birrell","Carley","0","DAL",,,,,,,,
"62","Day","Sofia","0","DAL",,,,,,,,
"63","Fullarton","Zoe","0","DAL",,,,,,,,
"64","Gaudry","Abbi","0","DAL",,"5.40m",,,,,,
"65","Goslett","Aidan","1","DAL",,,,,,,,
"66","Grimshaw-Surette","Hudson","1","DAL",,,,,,,,
"67","Heubach","Lorena","0","DAL",,,,,,,,"3743"
"68","James","Zach","1","DAL",,,,,,,,
"69","Kennedy","Catherine","0","DAL",,,,,,,,
"70","Lord","Dan","1","DAL",,,,,,,,
"71","MacIsaac","Chelsea","0","DAL",,,,,"15.23m",,,
"72","Marshall","Diego","1","DAL",,,"1.95m",,,,,
"73","Oshikoya","Tobi","1","DAL",,,,,,"14.60m",,
"74","Popejoy","Dylan","1","DAL",,,,,,,,
"75","Reid","Amelia","0","DAL",,,"1.58m",,,,,
"76","Richardson","Chloe","0","DAL",,,,,,,,
"77","Rosen","Daniel","1","DAL",,,,,,,,
"78","Toba-Oluboka","Temi","0","DAL",,,,,"16.73m",,,
"79","Abiodun","Adenike","0","GUE",,,,,,,,
"80","Agostinelli","Julia","0","GUE",,,,,,,,
"81","Anger","Aidan","1","GUE","4.81m",,,,,,,
"82","Bannon","Nicholas","1","GUE",,,,,,,,
"83","Blair","Callista","0","GUE",,,,,,,,
"84","Blunden","Katie","0","GUE",,,,,,,,
"85","Boug","Tyra","0","GUE",,,,,,,,
"86","Boxer","Sophie","0","GUE","3.88m",,,,,,,
"87","Brewer","Benjamin","1","GUE",,,,,,,,
"88","Bujnowski","Mark","1","GUE",,,,"19.56m","19.43m",,,
"89","Campbell","Eric","1","GUE",,,,,,,,
"90","Campbell","Travis","1","GUE",,,,,,,,
"91","Cole","Gabrielle","0","GUE",,,,,,,,
"92","Cromwell","Devynn","1","GUE",,,,,,,,
"93","Davies","Max","1","GUE",,,,,,,,
"94","Davis","Von","0","GUE",,,,,,,,
"95","deBlois","Corbin","1","GUE",,,"2.02m",,,,,
"96","Dommasch","Noah","1","GUE",,,"2.00m",,,,"4845",
"97","Drosdowech","Sonja","0","GUE",,,,,,,,
"98","Elizarov","Jennifer","0","GUE","4.13m",,,,,,,
"99","Fawcett","Emily","0","GUE",,,,,"17.95m",,,
"100","Grigore","Monica","0","GUE","3.68m",,,,,,,
"101","Guga","Sandra","0","GUE",,,,,,,,
"102","Habash","Milenne","0","GUE",,,,,,,,
"103","Harper","Daniel","1","GUE",,,,,,,,
"104","Harris","Alex","0","GUE",,,,,,,,
"105","Hickson","Sadie-Jane","0","GUE",,,,,,,,
"106","Jacob","Johnathan","1","GUE",,"7.40m",,,,"15.11m",,
"107","Lam","Lynton","0","GUE","4.00m",,,,,,,
"108","Leger","Kendra","0","GUE",,,,,,,,
"109","Lodi","Csenge","0","GUE",,,,,,,,
"110","MacGillivray","Matt","1","GUE",,,,,,,,
"111","Madden","Kyle","1","GUE",,,,,,,,
"112","Madogo","Jacqueline","0","GUE",,,,,,,,
"113","McKenzie","Brock","1","GUE",,,,,,,,
"114","McKenzie","Nicole","0","GUE",,,,,,,,
"115","Mori","Meghan","0","GUE",,,,"12.63m",,,,
"116","Ormond","Cameron","0","GUE",,,,,,,,
"117","Parker","Rebecca","0","GUE",,,"1.70m",,,,,"3664"
"118","Peel","Scott","1","GUE",,,,,,"14.89m",,
"119","Penaloza-Abankwah","Marcus","1","GUE",,,,,,,,
"120","Purnell","Alec","1","GUE",,,,,,,,
"121","Rodney","Mia","0","GUE","4.10m",,,,,,,
"122","Roussel","Olivia","0","GUE",,,,,,,,
"123","Ryan","Alanzo","1","GUE",,,,,,,,
"124","Sanderson-Kirby","Kayla","0","GUE",,,,,,,,
"125","Schmidt","Adam","1","GUE",,,,,,,,
"126","Seguin","Brennan","1","GUE","5.05m",,,,,,,
"127","Sherar","Zoe","0","GUE",,,,,,,,
"128","Spicer","Logan","1","GUE",,"7.13m",,,,,,
"129","Teal","Carter","1","GUE",,,,,,,,
"130","Thorne","Craig","1","GUE",,,,,,,,
"131","Timm","Caleb","1","GUE",,,,,,,"4854",
"132","Whitford","Nina","0","GUE",,,,,,,,
"133","Woods","Bennett","1","GUE","4.85m",,,,,,,
"134","Zaraska","Chloe","0","GUE",,,"1.71m",,,,,
"135","Dowhos","Niko","1","LKH",,,,,,,,
"136","Gharsali","Rami","1","LKH",,,,,,,,
"137","Laoye","Zion","1","LKH",,,,,,,,
"138","Stieh","Amy","0","LKH",,,,,,,,
"139","Alcéna","Lutch Jarmanau","1","LAV",,,,,,,,
"140","Beauchemin","Catherine","0","LAV",,,,,,,,
"141","Boudreau","Camille","0","LAV",,,,,,,,
"142","Bourgault","Julien","1","LAV",,,,,,,,
"143","Brosseau","Louis","1","LAV",,,"2.05m",,,,,
"144","Caron","Florence","0","LAV",,,,,,,,
"145","Chiasson","Frederique","0","LAV",,,,,,,,
"146","Couturier","Rosalie","0","LAV",,,,,,,,
"147","Dagenais","Emma","0","LAV",,,,,,,,
"148","Desrosiers","Sandrine","0","LAV",,,,,,,,
"149","Diaz Sterling","Juan Camillo","1","LAV",,,,,"16.81m",,,
"150","Dipoko","Cyprien","1","LAV",,,,,,,,
"151","Dulude Bellavance","Sarah","0","LAV",,,,,,,,
"152","Ennaciri","Youssef","1","LAV",,,,,,,,
"153","Gallé","Mélina","0","LAV",,,,,,,,
"154","Giguère","Raphaël","1","LAV",,,,,,,,
"155","Labbé","Anthony","1","LAV",,,,"16.17m",,,,
"156","Lacourse","Jessy","0","LAV",,,,,,,,
"157","Lebel","Henri","1","LAV",,,,,,,,
"158","Leduc","Audrey","0","LAV",,"5.89m",,,,,,
"159","Massé-Pelletier","Mathieu","1","LAV",,,,"17.93m","18.05m",,,
"160","Paris","Félix-Antoine","1","LAV",,,,,"16.83m",,,
"161","Pilipili","Hento","1","LAV",,,,,,,,
"162","Roy","Lyanna","0","LAV",,,,,,,,"3209"
"163","Sami","Ahmed","1","LAV",,,,,,,,
"164","Tejiofo","Fiola","0","LAV",,"5.87m",,,,,,
"165","Turcotte","Marie-Ève","0","LAV",,,,,,,,
"166","Crosby","Xavier","1","LTH",,,,,"16.91m",,,
"167","Irish","Lauchlan","1","LTH",,,,,,"15.06m",,
"168","Klassen","Naomi","0","LTH",,,,,"14.91m",,,
"169","Morris","Lauryn","0","LTH",,,,"12.42m",,,,
"170","Shomachuk","Jinaye","0","LTH",,,,"12.92m","18.90m",,,
"171","Troschke","Andreas","1","LTH",,,,,"18.83m",,,
"172","Adepoju","Eniola","0","MAN",,,,,,,,
"173","Allen","Tristan","1","MAN",,,,,,,,
"174","Andres","Adam","1","MAN",,,,,,,,
"175","Chahid","Adam","1","MAN",,,,,,,,
"176","Chahid","Adam-","1","MAN",,,,,,,,
"177","Cox-Yestrau","Tyler","1","MAN",,,,,,,,
"178","Davis","Nicole","0","MAN",,,,,,,,
"179","Davis","Tyrell","1","MAN",,,,,,,,
"180","Goodall","Darby","0","MAN",,,,,,,,
"181","Gordon","Donnae","0","MAN",,,,,,,,
"182","Gowdar","Deven","1","MAN",,,,,,,,
"183","Kendle","Noel","1","MAN",,,,,,,,
"184","Klippenstein","Amy","0","MAN",,,,,,,,
"185","Kroeker","Angela","0","MAN",,,,,,,,
"186","Kroeker","Justin","1","MAN",,,,,,,,
"187","Lawrence","Madisson","0","MAN",,,"1.77m",,,,,"3920"
"188","Mann","Dawson","1","MAN",,,,,,,,
"189","Marriott","Kendall","0","MAN",,,,,,,,
"190","McConnell","Anna","0","MAN",,,,"14.62m",,,,
"191","Morisseau","Hailee","0","MAN",,,,,,,,
"192","Nfon","Ashley","0","MAN",,,,,,,,
"193","Nonato","Zoe","0","MAN",,,,,,,,
"194","Nwagbo","Chioma","0","MAN",,,,,,,,
"195","Odeleye","Eniola","0","MAN",,,,,,,,
"196","Onraet","Derek","1","MAN","4.50m",,,,,,,
"197","Regnier","Sebastien","1","MAN",,,,,,,,
"198","Reimer","Calvin","1","MAN",,,,,,,,
"199","Soufi","Jordan","1","MAN",,,,,,,,
"200","Speiser","Max","1","MAN",,,,,,,"4917",
"201","Suelzle","Joshua","1","MAN",,,,"15.01m","17.05m",,,
"202","TambalMusa","Roy","1","MAN",,,,,,,,
"203","Turner","Daxx","1","MAN",,,"2.02m",,,"15.40m",,
"204","Wright","Graham","1","MAN",,,,,"17.49m",,,
"205","Beaudet","Matthew","1","MCG",,,,,,,,
"206","Danson","Sebastian","1","MCG",,,,,,,,
"207","Geiger","Markus","1","MCG",,,,,,,,
"208","Gueguen","Jules","1","MCG",,,,,,,,
"209","Lu Langley","Vanessa","0","MCG",,,,,,,,
"210","Lupien","Rosalie","0","MCG","3.30m",,,,,,,
"211","Ntambue","Donna","0","MCG",,,,,,,,
"212","Ross-McLennan","Lola","0","MCG",,,,,,,,
"213","Villeneuve","Ella","0","MCG",,,,,"12.78m",,,
"214","Walton-Knight","Bethany","0","MCG",,,,,,,,
"215","Alick","Dylan","1","MCM",,,,,,,,
"216","Barrett","Rosalyn","0","MCM",,,,,,,,
"217","Davies","Andrew","1","MCM",,,,,,,,
"218","Drover","Alex","1","MCM",,,,,,,,
"219","Finley","Gustav","1","MCM",,,,,,,,
"220","Gage","Henry","1","MCM",,,,,,,,
"221","Goodjohn","Hannah","0","MCM",,,,,,,,
"222","Harnack","Hope","0","MCM",,,,,,,,
"223","Macaskill","Olivia","0","MCM",,,,,,,,
"224","McKeown","Morgan","0","MCM",,,,,,,,
"225","Mulkewich","Noah","1","MCM",,,,,,,,
"226","Nusselder","Sam","1","MCM",,,,,,,,
"227","Turek","Max","1","MCM",,,,,,,,
"228","Weist","William","1","MCM",,,,,,,,
"229","Ledevehat","Shae","0","MUN",,,,,,,,"3502"
"230","Bourque","Samuel","1","MNC",,,,"16.01m",,,,
"231","Gagnon","Caroline","0","MNC",,,,,,,,
"232","Mazerolle","Max","1","MNC",,,,,,,"4462",
"233","Aber","Yassine","1","UDM",,,,,,,,
"234","Aglot","Murielle","0","UDM",,,,,,,,
"235","Bellemare","Félix","1","UDM",,,,,,,,
"236","Bisson","Philippe","1","UDM",,,,,,,,
"237","Champigny","Gabrielle","0","UDM",,,,,,,,
"238","Damance","Lou","0","UDM",,,,,,"11.15m",,
"239","Deslandes","Myriam","0","UDM",,,,,,,,
"240","Faucher","Antoine","1","UDM",,,,,,,,
"241","Gagnon","Mariane","0","UDM",,,,,,,,
"242","Garnier","Marine","0","UDM",,,,,,,,
"243","Gauthier","Hugo","1","UDM",,,,,,,,
"244","Jackson","Audrey","0","UDM",,,,,,,,
"245","Khelaf","Mohand Zine","1","UDM",,,,,,,,
"246","Khelifa","Azer","1","UDM",,,,,,,,
"247","Laberge","Mégane","0","UDM",,,,,,,,
"248","Lanctôt","Laurence","0","UDM",,,,,,,,
"249","Lapointe","Émile","1","UDM",,,,,,,,
"250","Maillé","Gabriel A.","1","UDM","4.46m",,,,,,"4757",
"251","Mama-Yari","Zakary","1","UDM",,,,,,,,
"252","Mougeolle","Clément","1","UDM",,"7.18m",,,,,,
"253","Paquin","Geneviève","0","UDM",,,,,,,,
"254","Renélique","Taylor","1","UDM",,,,,,,,
"255","Samson","Gabriel","1","UDM",,,,,,,,
"256","Slythe-Léveillé","Gabriel","1","UDM",,,,,,,,
"257","Cook","Madeline","0","UNB",,,,,,,,
"258","Grant","Christopher","1","UNB",,,,,"17.37m",,,
"259","Howse","Jared","1","UNB",,,,,,,,
"260","Jacobson","Carys","0","UNB",,,,,,,,
"261","Johnson","Emberley","0","UNB",,,,,,,,
"262","Johnson","Peighton","0","UNB",,,,,,,,
"263","Karhi","Kalevi","1","UNB",,,,,,,,
"264","Kean","Mitchell","1","UNB",,,,,,,,
"265","Langille","Jillian","0","UNB",,,,,,,,
"266","MacIsaac","Shelby","0","UNB",,,,,,,,
"267","McKinnon","Hayden","1","UNB",,,,,,,,
"268","Passy","Abigail","0","UNB","3.20m",,,,,,,
"269","Perrett","Benjamin","1","UNB",,,,,,,,
"270","Rodrigues","Sierra","0","UNB",,,,,,,,
"271","Shannon","Lexie","0","UNB",,,,,,"12.23m",,
"272","Stefaniuk","Katrina","0","UNB",,,,,,,,
"273","Alie-Lamarche","Andre","1","OTT",,,,,,,,
"274","Asiamah","Brianna","0","OTT",,,,"12.53m",,,,
"275","Banton-Lindsay","Kennedy","0","OTT",,,,,,,,
"276","Courteau","Vienna","0","OTT",,,,,,,,
"277","Kukla-Colby","Thomas","1","OTT",,,,,,,,
"278","Mahajan","Sia","0","OTT",,,,,,,,
"279","Manor","Katie","0","OTT",,,,,,,,
"280","McCormik","Brooklyn","0","OTT",,,,,,,,
"281","Moulongou","David","1","OTT",,,,,,,,
"282","Nonez","Fabrice","1","OTT",,,,,,,,
"283","Ogunremi","Doyin","0","OTT",,,,,,,,
"284","Senechal-Becker","Thomas","1","OTT",,,"2.17m",,,,,
"285","Zanetti","Lucas","1","OTT",,,,,,,,
"286","Brackenbury","Miles","1","QUN",,,,,,,,
"287","Bullock","Madelyn","0","QUN",,,,,,,,
"288","Haron","Erini","0","QUN",,,,,,,,
"289","Hendrikx","Olivia","0","QUN",,,,,,,,
"290","Porter","Gillian","0","QUN",,,,,,,,
"291","Vroom","Elizabeth","0","QUN",,,,,,,,
"292","Wheeler-Dee","Jude","1","QUN",,,,,,,,
"293","Branning","Heidi","0","UOFR",,,,,,,,
"294","Eiswerth","Daniel","1","UOFR",,,,,,,,
"295","Fenton","Scott","1","UOFR",,,,,,,,
"296","Fettes","Logan","1","UOFR",,,,,,,"4846",
"297","Franklin","Brett","1","UOFR",,,,,,,,
"298","Haidl","Thomas","1","UOFR",,,,,,,,
"299","Itsekiri","Usheoritse","1","UOFR",,,,,,,,
"300","Keith","Kaidyn","0","UOFR",,,,,,,,
"301","Kozan","Sara","0","UOFR",,,,,,,,
"302","Labrie-Boulay","Omer","1","UOFR",,,,,,,,
"303","Mytopher","Adam","1","UOFR",,,,,,,,
"304","Mytopher","Brayden","1","UOFR",,,,,,,,
"305","Neigum","Kaila","0","UOFR",,,,,,,,
"306","Podbielski","Jonathan","1","UOFR",,,,,,,,
"307","Pritchard","Shelaine","0","UOFR",,"5.72m",,,,,,
"308","Smith","Jacob","1","UOFR",,,,,,,,
"309","Stockhorst","Erika","0","UOFR",,"5.91m",,,,"11.88m",,
"310","Welburn","Joely","0","UOFR",,"6.16m","1.69m",,,,,"3993"
"311","Zablocki","Storm","1","UOFR",,,,,,,,
"312","Adelugba","Timi","0","UOFS",,,,,,,,
"313","Akintunde","Michael","1","UOFS",,"7.59m",,,,,,
"314","Albertson","Rachel","0","UOFS",,,,,,,,"3418"
"315","Altrogge","Masson","1","UOFS",,,,,,,"4887",
"316","Barkway","Rebecca","0","UOFS",,,,,,,,
"317","Bauman","Dylan","1","UOFS",,,,,,,,
"318","Blechinger","Livia","0","UOFS",,,,,,,,
"319","Butler-Siemens","Rayne","0","UOFS",,,,,,,,
"320","Cadman","Kianna","0","UOFS",,,"1.69m",,,,,
"321","Charpentier","Luc","1","UOFS",,,,,,,,
"322","Comfort","Kira","0","UOFS",,,,,,,,
"323","Deck","Kaiden","1","UOFS",,,,,,,,
"324","Dyck","Daniele","0","UOFS",,,,,,,,
"325","Ells","Chelsea","0","UOFS",,,"1.69m",,,,,
"326","Farmer","Kendra","0","UOFS",,,,,,,,
"327","Fast","Quintan","1","UOFS",,,,,,,,
"328","Grajczyk-Jelinski","Allison","0","UOFS",,,,,,,,
"329","Hardy","Ryder","1","UOFS",,,,,,,,
"330","Harrison","Kaitlyn","0","UOFS",,,,,,,,
"331","Igbiki","Grace","0","UOFS",,,,,,,,
"332","Lavoie","Parker","1","UOFS",,,,,"16.90m",,,
"333","McFadyen","Jenna","0","UOFS",,,,,,,,
"334","McGovern","Kenneth","1","UOFS",,,,,,,,
"335","McKerracher","Scott","1","UOFS",,,,,,,,
"336","Neufeld","Jake","1","UOFS","4.70m",,,,,,"4872",
"337","Nilson","Kaden","1","UOFS",,,,,,,,
"338","Olaloku","Olamide","0","UOFS",,,,,,,,
"339","Pearson","Avery","0","UOFS",,,,,,,,
"340","Pernitsky","Treyton","1","UOFS",,,,,,,,
"341","Powel","Geovanne","1","UOFS",,,,,,,,
"342","Quick","Myles","1","UOFS",,,,"15.71m",,,,
"343","Ritchie","Brendan","1","UOFS",,,,,,,,
"344","Schultz","Taylor","0","UOFS",,,,,,,,
"345","Schwab","Sarah","0","UOFS",,,,,,,,
"346","Smith","Jayden","1","UOFS",,,,,,,,
"347","Weber","Jennifer","0","UOFS",,,,"13.79m","16.12m",,,
"348","Webster","Alexander","1","UOFS",,,,,,,,
"349","Willems","Paige","0","UOFS",,,,,,,,
"350","Anku","Micael","1","SHR",,,,,,,,
"351","Ba","Sophie","0","SHR",,,,,,,,
"352","Bourdeau-Marcil","Camille","0","SHR",,,,,,,,
"353","Desjarlais","Laurie","0","SHR",,,,,,,,
"354","Déziel","Félix","1","SHR",,,,,,,,
"355","Gauthier","Laurence","0","SHR",,,,,,,,
"356","Houle-Selby","Emma","0","SHR",,,,,,,,
"357","Lebrun","Antoine","1","SHR",,,,,,,,
"358","Lee","Kassandra","0","SHR",,,,,,,,
"359","Quirion","Félix","1","SHR",,,,,,,,
"360","Richard","Mathis","1","SHR",,,,,,,,
"361","Roy","Jeremie","1","SHR",,,,,,,,
"362","St-Germain","Maoly","0","SHR",,,,,,,,
"363","Ash","Caroline","0","STFX",,,,,,,,
"364","Benoit","Jacob","1","STFX",,,,,,,,
"365","Canning","Mairin","0","STFX",,,,,,,,
"366","Hebert","Brynn","0","STFX",,,,,,,,
"367","Lee","Caden","0","STFX",,,,,,,,
"368","Sandluck","Allie","0","STFX",,,,,,,,
"369","Isadore","Dante","1","SMU",,"7.01m",,,,,,
"370","Kriznar","Nikola","1","SMU",,,,,,,,
"371","Peverill","Andrew","1","SMU",,,,,,,,
"372","Adeleye","David","1","TOR",,,,,,,,
"373","Aidoo","Moses","1","TOR",,,,,,,,
"374","Akinduro","Femi","1","TOR",,"7.09m","2.05m",,,"15.60m",,
"375","Berube Boutin","Julia","0","TOR",,,,,,,,
"376","Boston","Ej","0","TOR",,,,,,,,
"377","Bravakis","Emmett","1","TOR",,,,,,,,
"378","Bruce","Cameron","1","TOR",,,,,,,"4986",
"379","Che","Eric","1","TOR",,"7.45m",,,,,,
"380","Dale","Emma","0","TOR",,,"1.74m",,,,,
"381","Denman","Ryan","1","TOR",,"7.24m",,,,,,
"382","Dhanoa","Shan","1","TOR",,,,,,,,
"383","Djondric-Powell","Jack","1","TOR",,,,,,,,
"384","Esposito","Christina","0","TOR",,,,,,,,
"385","Ewhrudjakpor","Voke","0","TOR",,,,"12.95m",,,,
"386","Exley","Adam","1","TOR",,,,,,,,
"387","Gbinije","Onome","0","TOR",,,,,,,,
"388","Grout","Aiden","1","TOR",,,"2.20m",,,,,
"389","Lena","Luiza","0","TOR",,,,,,,,
"390","Lenton","Jade","0","TOR",,,,,,,,
"391","Leung","Jake","1","TOR",,,,,,,,
"392","Lew","Jasmine","0","TOR",,"6.22m",,,,,,
"393","Manuel","Jarod","1","TOR",,,,"15.41m",,,,
"394","Miller","Quinn","0","TOR","3.68m",,,,,,,
"395","Mlynczyk","Anton","1","TOR",,,,,,,,
"396","Moyo","Phikelela","1","TOR",,,,,,,,
"397","Procyk","Paulina","0","TOR",,,,,,,,
"398","Reyes","Cameron","1","TOR",,,,,,,,
"399","Roach","Jada","0","TOR",,,,,,"12.02m",,
"400","Ryan","Maya","0","TOR",,,,,,,,
"401","Schultz","Caiden","1","TOR",,,,,,,,
"402","Schulz","Kristen","0","TOR",,,,,,"12.26m",,
"403","Tang","Brandon","1","TOR",,,,,,,,
"404","Throndson","Alexzandra","0","TOR","3.93m",,,,,,,
"405","Torrance","Megan","0","TOR",,,,,,,,
"406","Trieu","Nick","1","TOR",,,,,,,,
"407","Vuckovic","Katherine","0","TOR",,,,,,,,
"408","Walsh","Bryn","0","TOR","3.70m",,,,,,,
"409","White","Sarah","0","TOR",,,,,,,,
"410","Wilke","Emily","0","TOR",,,,,,,,
"411","Alajiki","Michael","1","TWU",,,,,,"14.56m",,
"412","Arnett","Shen","1","TWU",,,,,,,,
"413","Blackman Jr","Kenny","1","TWU",,,,,,,,
"414","Bradshaw","Nikita","0","TWU",,,,,,,,"3450"
"415","Cardinez","Aaron","1","TWU",,,,,,,,
"416","Earles","Daniel","1","TWU",,,,,,,,
"417","Fonseca","Ana","0","TWU","3.79m",,,,,,,
"418","Foster","Ethan","1","TWU",,,,,,,"4858",
"419","Gremaud","Brandon","1","TWU",,,,,,,"5021",
"420","Lockyer","Camron","1","TWU",,"7.16m",,,,,,
"421","Martin","Jaime Eduardo","1","TWU","5.01m",,,,,,,
"422","Martin Huerta","Sebastian","1","TWU","4.91m",,,,,,,
"423","Okumo","Okewoma","1","TWU",,"7.17m",,,,,,
"424","Tjernagel","Benjamin","1","TWU",,,,,,,,
"425","Tourvieille De Labro","Romain","1","TWU",,,,,,,,
"426","Wiley","Sheleena","0","TWU",,,,,,,,
"427","Zubaly","Benjamin","1","TWU","4.48m",,,,,,,
"428","Dumont","Laurent-Olivier","1","UQTR",,,,,,,,
"429","Najarian","Océane","0","UQTR",,,"1.64m",,,,,
"430","Plourde-Couture","Félix","1","UQTR",,,,,,,,
"431","Chan","Delaney","0","VIC",,,,,,,,
"432","Damian","Daniel","1","VIC",,,,,,,,
"433","Erickson","Jennifer","0","VIC",,,,,,,,
"434","Ginther","Georgia","0","VIC",,,,,,,,
"435","Hopkins","Matt","1","VIC",,,,,,,,
"436","Kuipers","Anton","1","VIC",,,,,,,,
"437","Owens","Erin","0","VIC",,,,,,,,
"438","Pittman","Makenna","0","VIC",,,,,,,,
"439","Ryden","Kallalei","0","VIC",,,,,,,,
"440","Sandmaier","Luke","1","VIC",,,,,,,,
"441","Seshadri","Ben","1","VIC",,,,,,,,
"442","Vanhezewijk","Gabe","1","VIC",,,,,,,,
"443","Waller","David","1","VIC",,,,,,,,
"444","Zrinyi","Ilona","0","VIC",,,,,,,,
"445","Baranoski","Lucas","1","WAT",,,,,,,,
"446","Blair","Hannah","0","WAT",,,"1.71m",,,,,"4014"
"447","Clark","Hillary","0","WAT",,,,,,,,
"448","Clark","Liam","1","WAT",,,,,,,,
"449","Clarke","Janelle","0","WAT",,,,,,,,
"450","Davidson","Solomon","1","WAT",,,"2.00m",,,,,
"451","DuChene","Ava","0","WAT",,,,,,,,
"452","Fernandez","Brielle","0","WAT",,,,,,,,
"453","Lemon","Ben","1","WAT",,,,,,,,
"454","Markovinovic","Celia","0","WAT",,,"1.68m",,,,,
"455","Onyemah","Immanuel","1","WAT",,,,,,,,
"456","Smith","Ben","1","WAT",,,,,,,,
"457","Thompson","Aaron","1","WAT",,,,,,,,
"458","Agboola","Rofiat","0","UWO",,,,,,"11.96m",,
"459","Beckett","Daniela","0","UWO",,,,,,,,
"460","Belova","Margarita","0","UWO",,,,,"16.65m",,,
"461","Cameron","Quinn","1","UWO",,,,,,,"4820",
"462","Carruthers","Anna","0","UWO",,,,,,,,
"463","Clarke","Caleb","1","UWO",,,,,,,,
"464","Collins","Alex","1","UWO",,,,,,,,
"465","Courtney","Zach","1","UWO",,,,,,,,
"466","Coutts","Chloe","0","UWO",,,,,,,,
"467","Coutts","Sophie","0","UWO",,,,,,,,
"468","Dafoe","Ian","1","UWO","4.60m",,,,,,,
"469","Desilets","Emmanuel","1","UWO",,,,,,,"4807",
"470","Duckman","Josh","1","UWO",,,,,,,,
"471","Edgar","James","1","UWO",,,,,,,,
"472","Edwards","Seth","1","UWO",,,,"15.79m",,,,
"473","Evans","Ryan","1","UWO",,,,,,,"5130",
"474","Fogarty","Jj","1","UWO",,,,,,,,
"475","Fox","Ben","1","UWO",,,,,,,,
"476","Gerstner","Robbie","1","UWO",,,,,,"14.62m",,
"477","Goddard","Audrey","0","UWO",,,,,,,,"3586"
"478","Hendricks-Polack","Jared","1","UWO",,,,,,,"4871",
"479","Hendriksen","Emma","0","UWO",,,,,,,,"3412"
"480","Horner","Ayasha","0","UWO",,,,,,"11.91m",,
"481","Indome","Matt","1","UWO",,"7.25m",,,,,,
"482","Jodoin","Hanna","0","UWO",,,,,,"12.14m",,
"483","Jordan","Erika","0","UWO",,,,,,,,
"484","Keast","Taya","0","UWO",,,,,,,,
"485","King","Julia","0","UWO",,,,,,,,
"486","Knelsen","Hallee","0","UWO",,,,,,,,
"487","Mapp","Isaac","1","UWO",,,,,,,,
"488","Menzies","Robbie","1","UWO",,,,,,,,
"489","Ogor","Vivian","0","UWO",,,,,,,,
"490","Ohrling","Erik","1","UWO",,,,,,,,
"491","Okpali","Favour","0","UWO",,,,,,,,
"492","O'Neill","Wilson","1","UWO",,,,,,,,
"493","Panhuis","Christian","1","UWO",,,,"15.31m","17.98m",,,
"494","Rand","Brianna","0","UWO",,,,,,"11.83m",,
"495","Reevie","Olivia","0","UWO",,,,,,,,
"496","Sands","Liv","0","UWO",,,,"13.12m","15.07m",,,
"497","Scheele","Marcel","1","UWO",,,,,,,,
"498","Selkirk","Robin","0","UWO",,,,,,,,
"499","Shahzadeh","Arman","1","UWO",,,,,,"14.54m",,
"500","Skipp","Phoebe","0","UWO","3.68m",,,,,,,
"501","St. John","Adele","0","UWO",,,,"12.76m","15.75m",,,
"502","Thirsk","Natalie","0","UWO",,,,,,,,
"503","Walker","Olivia","0","UWO",,,,,,,,
"504","Wallace","Tieghan","0","UWO",,,,,,,,
"505","Watson","Rachel","0","UWO",,,,,,,,
"506","West","Kenneth","1","UWO",,"7.11m",,,,"15.42m",,
"507","Williams","Nicholas","1","UWO",,,,,,,,
"508","Atkinson","Anthony","1","WND",,,,"15.43m","18.27m",,,
"509","Brunet","Mandy","0","WND",,"5.79m",,,,"12.57m",,
"510","Degrace","Brayden","1","WND",,,,,,,,
"511","Floris","Emma","0","WND",,,,,,,,
"512","Goveia","Isabella","0","WND",,,,,,,,
"513","Grainger","Jacob","1","WND",,,,,,,,
"514","Jean","Leewinchell","1","WND",,,,,,,,
"515","John-Dunslow","Cameron","1","WND",,,,,,,,
"516","Keeling","Caleb","1","WND",,,"2.08m",,,,,
"517","Kistulinec","Kristyn","0","WND",,,,,,,,
"518","Kljajic","Emma","0","WND",,,,,,,,
"519","Lamorie","Taryn","0","WND",,"5.85m",,,,,,
"520","Larue","Nicole","0","WND",,,,,,,,
"521","MacNeill","Owen","1","WND",,"7.20m",,,,"14.80m",,
"522","Mahabir","Ryan","1","WND",,,,,,,,
"523","Martin","Harley","0","WND",,,,,"14.93m",,,
"524","McBride","Will","1","WND",,,,,,,,
"525","McLean","Madison","0","WND",,,,"12.32m",,,,
"526","McPhee","Ian","1","WND",,,,,,,,
"527","Metivier","Maya","0","WND",,,,,,,,
"528","Neri","Nicholas","1","WND",,,,,,,,
"529","Nyhoff","Jaidyn","0","WND",,,,,,"12.11m",,
"530","Parker","Nojah","1","WND","5.00m",,,,,,,
"531","Perkins","Lauren","0","WND",,,,,,,,
"532","Popescu","Paul","1","WND",,,,,,,,
"533","Rioux","Jonathan","1","WND",,,,,,,,
"534","Stanat","Aj","1","WND",,,,,,,,
"535","Taylor","Andrew","1","WND",,,,,,,,
"536","Tilson","Ben","1","WND",,,,,,,,
"537","Van Hooft","Brittany","0","WND",,,,,,,,
"538","Waldmann","Noah","1","WND",,,,,,,,
"539","Webb","Zion","1","WND",,,,"16.34m",,,,
"540","Whitten","Natalie","0","WND",,,,,,,,
"541","Williams","Camryn","0","WND",,,,,,,,
"542","Abdullahi","Abdullahi","1","YOR",,,,,,,,
"543","Broomfield","Alanah","0","YOR",,,,,,,,
"544","Cidade","Brandon","1","YOR",,,,,,,,
"545","Costa","Philip","1","YOR",,,,,,,,
"546","Crawford","James","1","YOR",,,,,,,,
"547","Downs","Champion","1","YOR",,,,,,,,
"548","Elliott","Jeremy","1","YOR",,,,"15.06m",,,,
"549","Foster","Ella","0","YOR","3.90m",,,,,,,
"550","Grunys","Maya","0","YOR",,,,,,,,
"551","Harris","Kimora","0","YOR",,,,,,,,
"552","Heath","Jasmine","0","YOR",,,,,,,,
"553","Henry","Olivia","0","YOR",,"5.76m",,,,"11.84m",,
"554","Jack","Bianca","0","YOR",,,,,,,,
"555","Moustafa","Ibrahim","1","YOR",,,,,,,,
"556","Murchison","Charlotte","0","YOR",,,,,,,,
"557","Ojo","Hillary","0","YOR",,,,,,,,
"558","Quaidoo","Alexandra","0","YOR",,,,,,,,
"559","Richards","Matthew","1","YOR",,,,,,,,
"560","Smith","Destiny","0","YOR",,,,,,,,
"561","Taffese","Nathanael","1","YOR",,,,,,,,
